DEP_ID,FUND_ID,DIV_ID,GP_ID,OBJ_ID,VEND_ID,CAL_ID,RF_DOC_ID,AMOUNT_TOTAL,STS,STS_AMOUNT
1,12,34,1120,6,295,19,11966,2370.05993652344,Paid,0
1,12,34,1120,6,3709,19,11966,8262.75,Paid,0
1,12,34,1120,6,3709,28,11966,402.600006103516,Paid,0
1,12,34,1120,8,31,28,6196,1728.80004882813,Paid,0
1,12,34,1120,8,2736,28,6877,2099.4599609375,Paid,0
1,12,34,1120,16,2646,18,776,1839.09997558594,Paid,0
1,12,34,1120,24,3223,28,10022,1166,Paid,0
1,12,34,1120,31,3223,19,902,6809,Paid,0
1,12,103,36,31,1362,3,12138,6438,Paid,0
1,12,103,36,31,1362,8,12138,51870,Paid,0
1,12,103,36,31,4435,4,12149,5024,Paid,0
1,12,103,36,31,4435,13,12149,5000,Paid,0
1,12,103,37,24,62,3,16170,120740.359375,Paid,0
1,12,103,131,24,5194,1,9377,23500,Paid,0
1,12,103,135,72,437,10,3723,1845,Paid,0
1,12,103,135,72,1530,4,3723,4580,Paid,0
1,12,103,135,72,1530,4,12922,35,Paid,0
1,12,103,135,72,4079,1,16163,26675,Paid,0
1,12,103,135,72,4079,3,16163,11355,Paid,0
1,12,103,135,72,4079,4,3721,15054,Paid,0
1,12,103,135,72,4079,8,15551,565.099975585938,Paid,0
1,12,103,135,72,4079,10,3721,23160,Paid,0
1,12,103,135,72,4079,14,3721,10980,Paid,0
1,12,103,135,72,4079,15,3721,24825,Paid,0
1,12,103,135,72,4079,20,3721,41001,Paid,0
1,12,103,135,72,4435,6,12149,3600,Paid,0
1,12,103,135,72,4975,4,6348,798.619995117188,Paid,0
1,12,103,135,72,4975,4,16684,31646.400390625,Paid,0
1,12,103,135,73,402,40,9751,3338.84008789063,Paid,0
1,12,103,135,73,646,29,11520,2436.419921875,Paid,0
1,12,103,493,6,295,14,11966,17380.4403076172,Paid,0
1,12,103,1059,26,3203,72,11387,11505.2900390625,Paid,0
1,12,103,1101,2,2292,42,14786,484.200012207031,Paid,0
1,12,103,1101,2,2292,48,14786,10789.2001953125,Paid,0
1,12,103,1101,2,2292,49,14786,6726.60009765625,Paid,0
1,12,103,1101,2,3796,54,11187,4856.7998046875,Paid,0
1,12,103,1101,2,5290,42,11187,19427.19921875,Paid,0
1,12,103,1101,4,3223,28,10022,7010.29998779297,Paid,0
1,12,103,1101,4,3223,33,10023,2670.77001953125,Paid,0
1,12,103,1101,4,4864,15,7173,915.719970703125,Paid,0
1,12,103,1101,4,4864,16,7173,1831.43994140625,Paid,0
1,12,103,1101,4,4889,15,7172,18397.849609375,Paid,0
1,12,103,1101,6,295,1,11966,526.679992675781,Paid,0
1,12,103,1101,6,295,2,11966,15800.4000244141,Paid,0
1,12,103,1101,6,295,3,11966,6056.82006835938,Paid,0
1,12,103,1101,6,295,4,11966,877.799987792969,Paid,0
1,12,103,1101,6,295,5,11966,25719.5397338867,Paid,0
1,12,103,1101,6,295,6,11966,16327.080078125,Paid,0
1,12,103,1101,6,295,7,11966,7900.19989013672,Paid,0
1,12,103,1101,6,295,8,11966,965.580017089844,Paid,0
1,12,103,1101,6,295,10,11966,2984.52001953125,Paid,0
1,12,103,1101,6,295,12,11966,2721.17999267578,Paid,0
1,12,103,1101,6,295,14,11966,1755.59997558594,Paid,0
1,12,103,1101,6,295,15,11966,14834.8197021484,Paid,0
1,12,103,1101,6,295,16,11966,6144.60009765625,Paid,0
1,12,103,1101,6,295,17,11966,6759.05999755859,Paid,0
1,12,103,1101,6,295,18,11966,18872.7004394531,Paid,0
1,12,103,1101,6,295,19,11966,2194.5,Paid,0
1,12,103,1101,6,295,20,11966,7724.63995361328,Paid,0
1,12,103,1101,6,295,21,11966,3160.07995605469,Paid,0
1,12,103,1101,6,295,23,11966,1492.26000976563,Paid,0
1,12,103,1101,6,295,24,11966,6144.59991455078,Paid,0
1,12,103,1101,6,295,25,11966,526.679992675781,Paid,0
1,12,103,1101,6,295,27,11966,21418.3203125,Paid,0
1,12,103,1101,6,295,28,11966,5881.25988769531,Paid,0
1,12,103,1101,6,599,2,6196,1124.44995117188,Paid,0
1,12,103,1101,6,1471,1,11966,12893.0999755859,Paid,0
1,12,103,1101,6,1471,2,11966,10138.330078125,Paid,0
1,12,103,1101,6,1471,3,11966,27763.0800170898,Paid,0
1,12,103,1101,6,1471,4,11966,11286.3101501465,Paid,0
1,12,103,1101,6,1471,5,11966,41326.9200744629,Paid,0
1,12,103,1101,6,1471,6,11966,6005.54995727539,Paid,0
1,12,103,1101,6,1471,8,11966,13282.9799804688,Paid,0
1,12,103,1101,6,1471,9,11966,21147.9498901367,Paid,0
1,12,103,1101,6,1471,10,11966,12688.4700622559,Paid,0
1,12,103,1101,6,1471,12,11966,6323.37005615234,Paid,0
1,12,103,1101,6,1471,13,11966,11391.3801269531,Paid,0
1,12,103,1101,6,1471,14,11966,6425.41003417969,Paid,0
1,12,103,1101,6,1471,15,11966,34475.2999267578,Paid,0
1,12,103,1101,6,2736,1,11966,640.679992675781,Paid,0
1,12,103,1101,6,3054,89,3760,24594.5,Paid,0
1,12,103,1101,6,3054,90,3760,5700,Paid,0
1,12,103,1101,6,3054,91,3760,10679,Paid,0
1,12,103,1101,6,3054,93,3760,15514.5,Paid,0
1,12,103,1101,6,3054,94,3760,20370,Paid,0
1,12,103,1101,6,3054,95,3760,22644,Paid,0
1,12,103,1101,6,3054,96,3760,8959,Paid,0
1,12,103,1101,6,3054,97,3760,5784,Paid,0
1,12,103,1101,6,3054,98,3760,4730,Paid,0
1,12,103,1101,6,3054,99,3760,2416,Paid,0
1,12,103,1101,6,3054,100,3760,15466,Paid,0
1,12,103,1101,6,3054,101,3760,3431,Paid,0
1,12,103,1101,6,3054,102,3760,14232,Paid,0
1,12,103,1101,6,3054,103,3760,23669.75,Paid,0
1,12,103,1101,6,3054,104,3760,15649,Paid,0
1,12,103,1101,6,3054,105,3760,27279.5,Paid,0
1,12,103,1101,6,3054,106,3760,42855,Paid,0
1,12,103,1101,6,3054,107,3760,21946.5,Paid,0
1,12,103,1101,6,3054,108,3760,3450,Paid,0
1,12,103,1101,6,3054,109,3760,17816,Paid,0
1,12,103,1101,6,3054,110,3760,18154,Paid,0
1,12,103,1101,6,3054,111,3760,12387.5,Paid,0
1,12,103,1101,6,3054,112,3760,14165.75,Paid,0
1,12,103,1101,6,3054,113,3760,3119.5,Paid,0
1,12,103,1101,6,3054,114,3760,21544.5,Paid,0
1,12,103,1101,6,3054,115,3760,30212.25,Paid,0
1,12,103,1101,6,3054,116,3760,16096,Paid,0
1,12,103,1101,6,3054,117,3760,50990.5,Paid,0
1,12,103,1101,6,3054,118,3760,11343.25,Paid,0
1,12,103,1101,6,3054,119,3760,3056,Paid,0
1,12,103,1101,6,3054,120,3760,7358.25,Paid,0
1,12,103,1101,6,3054,121,3760,11446.25,Paid,0
1,12,103,1101,6,3054,123,3760,3612,Paid,0
1,12,103,1101,6,3054,124,3760,15322.75,Paid,0
1,12,103,1101,6,3054,125,3760,64600,Outstanding,64600
1,12,103,1101,6,3054,126,3760,52872.25,Paid,0
1,12,103,1101,6,3054,127,3760,58130.75,Paid,0
1,12,103,1101,6,3054,128,3760,86421.5,Paid,0
1,12,103,1101,6,3054,129,3760,1020,Paid,0
1,12,103,1101,6,3054,130,3760,15455.75,Paid,0
1,12,103,1101,6,3054,131,3760,27543.5,Paid,0
1,12,103,1101,6,3054,132,3760,24020,Paid,0
1,12,103,1101,6,3054,133,3760,1638,Outstanding,1638
1,12,103,1101,6,3709,6,11966,11011.1802978516,Paid,0
1,12,103,1101,6,3709,7,11966,40306.7603759766,Paid,0
1,12,103,1101,6,3709,16,11966,17514.5997619629,Paid,0
1,12,103,1101,6,3709,17,11966,939.400024414063,Paid,0
1,12,103,1101,6,3709,18,11966,7846.09997558594,Paid,0
1,12,103,1101,6,3709,19,11966,5028.09997558594,Paid,0
1,12,103,1101,6,3709,20,11966,18555.4899291992,Paid,0
1,12,103,1101,6,3709,21,11966,17742.5802307129,Paid,0
1,12,103,1101,6,3709,22,11966,8302.25,Paid,0
1,12,103,1101,6,3709,23,11966,16536.8998413086,Paid,0
1,12,103,1101,6,3709,24,11966,8732.60003662109,Paid,0
1,12,103,1101,6,3709,25,11966,4617.84997558594,Paid,0
1,12,103,1101,6,3709,26,11966,4785.00003051758,Paid,0
1,12,103,1101,6,3709,27,11966,3527.40008544922,Paid,0
1,12,103,1101,6,3709,28,11966,7883.30004882813,Paid,0
1,12,103,1101,6,3709,29,11967,3354.49996948242,Paid,0
1,12,103,1101,6,3709,30,11967,1129.30001831055,Paid,0
1,12,103,1101,6,3709,32,11966,4702.70007324219,Paid,0
1,12,103,1101,6,3709,33,11967,22253.8500976563,Paid,0
1,12,103,1101,6,3709,34,11967,12079.7000427246,Paid,0
1,12,103,1101,6,3709,35,11967,25614.4497680664,Paid,0
1,12,103,1101,6,3709,36,11967,16079.050201416,Paid,0
1,12,103,1101,6,3709,37,11967,7913.55020141602,Paid,0
1,12,103,1101,6,3709,38,11967,35346.2002258301,Paid,0
1,12,103,1101,6,3709,39,11967,11003.9001159668,Paid,0
1,12,103,1101,6,3709,40,11967,1066.80001831055,Paid,0
1,12,103,1101,6,3709,41,3754,2613.00003051758,Paid,0
1,12,103,1101,6,3709,42,3754,8595.64996337891,Paid,0
1,12,103,1101,6,3709,43,3754,2349.40005493164,Paid,0
1,12,103,1101,6,3709,44,11967,14927.3498535156,Paid,0
1,12,103,1101,6,3709,45,11967,8826.69989013672,Paid,0
1,12,103,1101,6,3709,49,3754,7267.30004882813,Paid,0
1,12,103,1101,6,3709,49,11966,622.299987792969,Paid,0
1,12,103,1101,6,3709,49,11967,2000.25,Paid,0
1,12,103,1101,6,3709,50,3754,3373.29998779297,Paid,0
1,12,103,1101,6,3709,51,3754,2961.59997558594,Paid,0
1,12,103,1101,6,3709,52,3754,13188.1998748779,Paid,0
1,12,103,1101,6,3709,53,3754,6131.89999389648,Paid,0
1,12,103,1101,6,3709,54,3754,19941.7999572754,Paid,0
1,12,103,1101,6,3709,55,3754,1258.40002441406,Paid,0
1,12,103,1101,6,3709,56,3754,2286.49996948242,Paid,0
1,12,103,1101,6,3709,58,3754,5440.29992675781,Paid,0
1,12,103,1101,6,3709,60,3754,1195.09997558594,Paid,0
1,12,103,1101,6,3709,61,3754,14562,Paid,0
1,12,103,1101,6,3709,62,3754,9869.49990844727,Paid,0
1,12,103,1101,6,3709,63,3754,545.400024414063,Paid,0
1,12,103,1101,6,3709,65,3754,9184.6201171875,Paid,0
1,12,103,1101,6,3709,66,3754,9581.88006591797,Paid,0
1,12,103,1101,6,3709,67,3754,622.710021972656,Paid,0
1,12,103,1101,6,3709,68,3754,1258.79998779297,Paid,0
1,12,103,1101,6,3709,69,3754,24780.899810791,Paid,0
1,12,103,1101,6,3709,70,3754,32254.9996643066,Paid,0
1,12,103,1101,6,3709,71,3754,26735.1994934082,Paid,0
1,12,103,1101,6,3709,72,3754,996.549987792969,Paid,0
1,12,103,1101,6,3709,73,3754,5192.66009521484,Paid,0
1,12,103,1101,6,3709,74,3754,12064.8001708984,Paid,0
1,12,103,1101,6,3709,75,3754,34313.8703613281,Paid,0
1,12,103,1101,6,3709,84,3753,1518.99005126953,Paid,0
1,12,103,1101,6,4181,80,3754,19513.5602416992,Paid,0
1,12,103,1101,6,4181,81,3754,13318.3602294922,Paid,0
1,12,103,1101,6,4181,84,3754,2053.15002441406,Paid,0
1,12,103,1101,6,4181,86,3753,1245.42004394531,Paid,0
1,12,103,1101,8,31,16,6196,13045.2099456787,Paid,0
1,12,103,1101,8,31,17,6196,1170.68994140625,Paid,0
1,12,103,1101,8,31,19,6196,8978.17010498047,Paid,0
1,12,103,1101,8,31,20,6196,1849.1799621582,Paid,0
1,12,103,1101,8,31,21,6196,2208.59008789063,Paid,0
1,12,103,1101,8,31,22,6196,820.900024414063,Paid,0
1,12,103,1101,8,31,23,6196,11385.4501953125,Paid,0
1,12,103,1101,8,31,24,6196,831.929992675781,Paid,0
1,12,103,1101,8,31,26,6196,2568.31999206543,Paid,0
1,12,103,1101,8,31,27,6196,2256,Paid,0
1,12,103,1101,8,31,28,6196,9385.92016601563,Paid,0
1,12,103,1101,8,31,29,6197,88780.5400390625,Paid,0
1,12,103,1101,8,31,30,6197,5268.65991210938,Paid,0
1,12,103,1101,8,31,31,6197,10456.3697509766,Paid,0
1,12,103,1101,8,31,34,6196,2317.72998046875,Paid,0
1,12,103,1101,8,31,34,6197,4696.87995910645,Paid,0
1,12,103,1101,8,31,35,6197,552.429992675781,Paid,0
1,12,103,1101,8,31,36,6196,605.940002441406,Paid,0
1,12,103,1101,8,31,36,6197,5517.73989868164,Paid,0
1,12,103,1101,8,31,37,6197,834.609985351563,Paid,0
1,12,103,1101,8,31,38,6197,52650.2402191162,Paid,0
1,12,103,1101,8,31,39,6197,51420.4297180176,Paid,0
1,12,103,1101,8,31,40,6197,6236.03002929688,Paid,0
1,12,103,1101,8,31,44,6197,229.839996337891,Paid,0
1,12,103,1101,8,31,45,6197,5966.56002807617,Paid,0
1,12,103,1101,8,31,46,6197,2018.84997558594,Paid,0
1,12,103,1101,8,31,48,6197,492.640014648438,Paid,0
1,12,103,1101,8,31,50,6197,1615.13000488281,Paid,0
1,12,103,1101,8,31,52,6197,7734.86987304688,Paid,0
1,12,103,1101,8,31,62,6197,259.190002441406,Paid,0
1,12,103,1101,8,599,4,6196,1373.99998474121,Paid,0
1,12,103,1101,8,599,5,4728,140.619995117188,Paid,0
1,12,103,1101,8,599,9,6196,1705.90995788574,Paid,0
1,12,103,1101,8,599,10,4728,11317.5299682617,Paid,0
1,12,103,1101,8,599,12,4728,5343.71008300781,Paid,0
1,12,103,1101,8,599,17,4728,8417.009765625,Paid,0
1,12,103,1101,8,599,18,4728,10601.7899475098,Paid,0
1,12,103,1101,8,599,22,4728,829.059997558594,Paid,0
1,12,103,1101,8,599,24,4728,1635.42999267578,Paid,0
1,12,103,1101,8,599,31,4729,2054.1201171875,Paid,0
1,12,103,1101,8,599,34,4729,2413.72009277344,Paid,0
1,12,103,1101,8,599,36,4728,811.559997558594,Paid,0
1,12,103,1101,8,599,36,4729,2500.55004882813,Paid,0
1,12,103,1101,8,599,37,4727,18569.5199890137,Paid,0
1,12,103,1101,8,599,38,4729,3188.38000488281,Paid,0
1,12,103,1101,8,1630,91,6197,17124.509765625,Paid,0
1,12,103,1101,8,1630,100,4729,14705.1997070313,Paid,0
1,12,103,1101,8,1630,101,4729,8908.7998046875,Paid,0
1,12,103,1101,8,1630,102,6197,2019.42004394531,Paid,0
1,12,103,1101,8,1630,103,4729,13815.6904296875,Paid,0
1,12,103,1101,8,1630,105,6197,56953.830078125,Paid,0
1,12,103,1101,8,1630,107,4729,69986.44140625,Paid,0
1,12,103,1101,8,1630,107,6197,17188.73046875,Paid,0
1,12,103,1101,8,1630,108,4729,70396.59765625,Paid,0
1,12,103,1101,8,1630,109,6197,6612.9501953125,Paid,0
1,12,103,1101,8,1630,111,4729,9855.400390625,Paid,0
1,12,103,1101,8,1630,111,6197,5054.3798828125,Paid,0
1,12,103,1101,8,1630,113,4729,11348.259765625,Paid,0
1,12,103,1101,8,1630,113,6197,37365.4799804688,Paid,0
1,12,103,1101,8,1630,114,4729,5255.58020019531,Paid,0
1,12,103,1101,8,1630,114,6197,4091.080078125,Paid,0
1,12,103,1101,8,1630,115,6197,17484.8305664063,Paid,0
1,12,103,1101,8,1630,116,4729,2865.22998046875,Paid,0
1,12,103,1101,8,1630,117,4729,5178.81005859375,Paid,0
1,12,103,1101,8,1630,118,4729,7092.80993652344,Paid,0
1,12,103,1101,8,1630,119,4729,8090.25,Paid,0
1,12,103,1101,8,1630,119,6197,4866.85986328125,Paid,0
1,12,103,1101,8,1630,120,6197,55342.0498046875,Paid,0
1,12,103,1101,8,1630,121,4729,69283.6889648438,Paid,0
1,12,103,1101,8,1630,121,6197,6276.10009765625,Paid,0
1,12,103,1101,8,1630,122,6197,5798.8798828125,Paid,0
1,12,103,1101,8,1630,123,4729,35647.26171875,Paid,0
1,12,103,1101,8,1630,123,6197,22272.3203125,Paid,0
1,12,103,1101,8,1630,124,4729,15853.6204833984,Paid,0
1,12,103,1101,8,1630,124,6197,862.77001953125,Paid,0
1,12,103,1101,8,1630,125,6196,7503.0400390625,Outstanding,7503.0400390625
1,12,103,1101,8,1630,125,6197,1116.60998535156,Outstanding,1116.60998535156
1,12,103,1101,8,1630,126,4729,1434.08996582031,Paid,0
1,12,103,1101,8,1630,126,6197,3050.09008789063,Paid,0
1,12,103,1101,8,1630,127,6197,2965.18994140625,Paid,0
1,12,103,1101,8,1630,128,4729,974.159973144531,Paid,0
1,12,103,1101,8,1630,128,6197,4606.49011230469,Paid,0
1,12,103,1101,8,1630,129,4729,49957.0701904297,Paid,0
1,12,103,1101,8,1630,129,6197,17906.7002563477,Paid,0
1,12,103,1101,8,1630,130,4729,30354.4501953125,Paid,0
1,12,103,1101,8,1630,130,6197,4373.59002685547,Paid,0
1,12,103,1101,8,1630,131,4729,10641.9599609375,Paid,0
1,12,103,1101,8,1630,131,6197,4357.5500793457,Paid,0
1,12,103,1101,8,1630,132,4729,952.77001953125,Paid,0
1,12,103,1101,8,1630,133,4729,22009.6796875,Paid,0
1,12,103,1101,8,1630,133,6197,23583.3699951172,Outstanding,23583.3699951172
1,12,103,1101,8,2736,1,6877,11868.6298828125,Paid,0
1,12,103,1101,8,2736,2,12504,5368,Paid,0
1,12,103,1101,8,2736,4,6877,7438.8701171875,Paid,0
1,12,103,1101,8,2736,5,6877,2859.80999755859,Paid,0
1,12,103,1101,8,2736,11,6877,5966.10009765625,Paid,0
1,12,103,1101,8,2736,15,6877,10150.7800292969,Paid,0
1,12,103,1101,8,2736,16,12504,1600.56005859375,Paid,0
1,12,103,1101,8,2736,19,6877,6447.75,Paid,0
1,12,103,1101,8,2736,20,6877,10361.4404296875,Paid,0
1,12,103,1101,8,2736,21,6877,2746.47998046875,Paid,0
1,12,103,1101,8,2736,21,12504,1404,Paid,0
1,12,103,1101,8,2736,22,12504,1053,Paid,0
1,12,103,1101,8,2736,23,6877,674.25,Paid,0
1,12,103,1101,8,2736,24,6877,10143.5900878906,Paid,0
1,12,103,1101,8,2736,25,12504,1372.5,Paid,0
1,12,103,1101,8,2736,26,6877,10397.5999755859,Paid,0
1,12,103,1101,8,2736,32,6878,10276,Paid,0
1,12,103,1101,8,2736,33,6878,322.959991455078,Paid,0
1,12,103,1101,8,2736,34,6878,1066.50003051758,Paid,0
1,12,103,1101,8,2736,35,6878,3321.92993164063,Paid,0
1,12,103,1101,8,2736,36,12505,1680,Paid,0
1,12,103,1101,8,2736,39,6878,33833.2894287109,Paid,0
1,12,103,1101,8,2736,40,6878,19624.890625,Paid,0
1,12,103,1101,8,2736,66,745,3430.96997070313,Paid,0
1,12,103,1101,8,2737,41,6878,11184,Paid,0
1,12,103,1101,8,2737,42,14454,5578.91015625,Paid,0
1,12,103,1101,8,2737,45,6878,9898.55032348633,Paid,0
1,12,103,1101,8,2737,45,14454,2701.30001831055,Paid,0
1,12,103,1101,8,2737,47,12505,3294,Paid,0
1,12,103,1101,8,2737,48,6878,2322.15991210938,Paid,0
1,12,103,1101,8,2737,49,14454,2078.5400390625,Paid,0
1,12,103,1101,8,2737,52,6878,23392.9990234375,Paid,0
1,12,103,1101,8,2737,57,12505,1572.47998046875,Paid,0
1,12,103,1101,8,2737,58,6878,10453.5802001953,Paid,0
1,12,103,1101,8,2737,58,14454,1545.84997558594,Paid,0
1,12,103,1101,8,2737,59,6878,7837.02990722656,Paid,0
1,12,103,1101,8,2737,59,14454,3758.51000976563,Paid,0
1,12,103,1101,8,2737,60,14454,5603.0400390625,Paid,0
1,12,103,1101,8,2737,62,6878,6860.27014160156,Paid,0
1,12,103,1101,8,2737,63,6878,6501.39990234375,Paid,0
1,12,103,1101,8,2737,63,12505,924,Paid,0
1,12,103,1101,8,2737,68,6878,297.559997558594,Paid,0
1,12,103,1101,8,2737,68,14454,1048.7900390625,Paid,0
1,12,103,1101,8,2801,9,6196,1629.82000732422,Paid,0
1,12,103,1101,8,2801,10,6196,2709.669921875,Paid,0
1,12,103,1101,8,2801,11,6196,7891.14013671875,Paid,0
1,12,103,1101,8,4800,78,6197,1182.87001037598,Paid,0
1,12,103,1101,9,706,102,15407,412.200012207031,Paid,0
1,12,103,1101,9,706,111,15407,878,Paid,0
1,12,103,1101,9,706,128,15407,4864,Paid,0
1,12,103,1101,10,229,1,14397,8611.21997070313,Paid,0
1,12,103,1101,10,229,5,14397,4284.18994140625,Paid,0
1,12,103,1101,10,229,7,14397,3577.30004882813,Paid,0
1,12,103,1101,10,229,9,14397,849.530029296875,Paid,0
1,12,103,1101,10,229,10,14397,3870.84008789063,Paid,0
1,12,103,1101,10,229,11,14397,657.239990234375,Paid,0
1,12,103,1101,10,229,13,14397,22491.3089599609,Paid,0
1,12,103,1101,10,229,14,14397,4168.10986328125,Paid,0
1,12,103,1101,10,229,15,14397,121.23999786377,Paid,0
1,12,103,1101,10,229,20,14397,108.360000610352,Paid,0
1,12,103,1101,10,229,22,14397,1691.61004638672,Paid,0
1,12,103,1101,10,285,12,6874,18292.6298828125,Paid,0
1,12,103,1101,10,1349,27,14580,12526,Paid,0
1,12,103,1101,10,1781,27,14581,2170,Paid,0
1,12,103,1101,10,1851,6,14586,4168.54988098145,Paid,0
1,12,103,1101,10,1851,6,17993,69515.6297607422,Paid,0
1,12,103,1101,10,1851,6,18519,76105.8197021484,Paid,0
1,12,103,1101,10,1851,7,14586,1657.68005371094,Paid,0
1,12,103,1101,10,1851,7,17993,27643.98046875,Paid,0
1,12,103,1101,10,1851,7,18519,35162.33984375,Paid,0
1,12,103,1101,10,1851,21,14581,5980,Paid,0
1,12,103,1101,10,1851,25,14581,6972,Paid,0
1,12,103,1101,10,2443,10,9570,2232.330078125,Paid,0
1,12,103,1101,10,2618,18,14397,3540.68008422852,Paid,0
1,12,103,1101,10,2618,19,14397,1340.2799949646,Paid,0
1,12,103,1101,10,2618,29,14398,1743.18005371094,Paid,0
1,12,103,1101,10,2618,34,14397,1774.1800069809,Paid,0
1,12,103,1101,10,2618,35,14397,2452.7099609375,Paid,0
1,12,103,1101,10,2618,35,14398,6850.72009277344,Paid,0
1,12,103,1101,10,2618,36,14397,19474.6098632813,Paid,0
1,12,103,1101,10,2618,37,14398,12886.5400390625,Paid,0
1,12,103,1101,10,2618,40,14398,13596.1397705078,Paid,0
1,12,103,1101,10,2618,41,14398,1661.01000976563,Paid,0
1,12,103,1101,10,2618,42,14398,11435.0698242188,Paid,0
1,12,103,1101,10,2618,43,14398,2805.41003036499,Paid,0
1,12,103,1101,10,2618,44,14398,1060.80004882813,Paid,0
1,12,103,1101,10,2618,57,14398,269.100006103516,Paid,0
1,12,103,1101,10,2618,69,14398,1687.19995117188,Paid,0
1,12,103,1101,10,2618,70,14398,6194,Paid,0
1,12,103,1101,10,2618,71,14398,5221.1800994873,Paid,0
1,12,103,1101,10,2618,73,14398,4159.03991699219,Paid,0
1,12,103,1101,10,2618,74,14398,6754.56994628906,Paid,0
1,12,103,1101,10,2618,76,14401,4564.41000366211,Paid,0
1,12,103,1101,10,2618,77,14401,18100.8295974731,Paid,0
1,12,103,1101,10,2618,81,14401,4807,Paid,0
1,12,103,1101,10,2618,82,14401,6904.73015213013,Paid,0
1,12,103,1101,10,2618,87,14401,4576.49009513855,Paid,0
1,12,103,1101,10,2618,88,14401,755.629989624023,Paid,0
1,12,103,1101,10,2618,90,14401,2092.12005615234,Paid,0
1,12,103,1101,10,2618,92,14401,10180.040145874,Paid,0
1,12,103,1101,10,2618,100,14401,4153.57009124756,Paid,0
1,12,103,1101,10,2618,104,14401,1307.88000488281,Paid,0
1,12,103,1101,10,2618,105,14401,4993.36000823975,Paid,0
1,12,103,1101,10,3203,9,8412,734.919982910156,Paid,0
1,12,103,1101,10,3203,12,8412,229.679992675781,Paid,0
1,12,103,1101,10,3203,13,5453,1811,Paid,0
1,12,103,1101,10,3203,21,5453,798,Paid,0
1,12,103,1101,10,3203,25,5453,4420,Paid,0
1,12,103,1101,10,3203,26,5453,644,Paid,0
1,12,103,1101,10,3203,35,5453,1695,Paid,0
1,12,103,1101,10,3203,52,5454,998,Paid,0
1,12,103,1101,10,3203,78,5454,40649.0390625,Paid,0
1,12,103,1101,10,3203,119,5454,9662.8603515625,Paid,0
1,12,103,1101,10,3203,128,5454,19238.5390625,Paid,0
1,12,103,1101,10,3386,104,5846,18880.26953125,Paid,0
1,12,103,1101,10,3386,105,5846,57148.5,Paid,0
1,12,103,1101,10,3386,106,5846,57148.5,Paid,0
1,12,103,1101,10,3386,107,5846,7564.10009765625,Paid,0
1,12,103,1101,10,3492,112,11369,2720,Paid,0
1,12,103,1101,10,3957,1,14719,5490,Paid,0
1,12,103,1101,10,3958,9,3789,7974,Paid,0
1,12,103,1101,10,3989,10,15511,5870,Paid,0
1,12,103,1101,10,4002,6,14389,16480,Paid,0
1,12,103,1101,10,4889,4,2555,4002.89990234375,Paid,0
1,12,103,1101,10,4889,43,2553,9180,Paid,0
1,12,103,1101,10,4889,43,11208,7164,Paid,0
1,12,103,1101,10,4889,43,11369,36844,Paid,0
1,12,103,1101,10,4889,43,14242,11580,Paid,0
1,12,103,1101,10,4973,1,14586,87631.9609375,Paid,0
1,12,103,1101,10,4973,9,14586,70602.4609375,Paid,0
1,12,103,1101,10,5320,102,14401,3039.23998260498,Paid,0
1,12,103,1101,10,5320,103,14401,2491.80003356934,Paid,0
1,12,103,1101,10,5320,106,14401,1610.43994140625,Paid,0
1,12,103,1101,10,5320,107,14401,4691.48999404907,Paid,0
1,12,103,1101,10,5320,112,14401,4407.16999816895,Paid,0
1,12,103,1101,10,5320,114,14401,3921.60009765625,Paid,0
1,12,103,1101,10,5320,115,14401,5364.9100189209,Paid,0
1,12,103,1101,10,5320,120,14401,4694,Paid,0
1,12,103,1101,10,5320,124,14401,13617.220035553,Paid,0
1,12,103,1101,10,5320,126,14401,5191.48002624512,Paid,0
1,12,103,1101,10,5320,127,14401,17960.9999234676,Paid,0
1,12,103,1101,10,5320,128,14401,62197.5398101807,Paid,0
1,12,103,1101,10,5320,130,14401,844.900009155273,Paid,0
1,12,103,1101,10,5320,131,14401,6163.40000915527,Paid,0
1,12,103,1101,11,3385,23,5845,14195.849609375,Paid,0
1,12,103,1101,11,3386,104,5846,67576.1796875,Paid,0
1,12,103,1101,11,3517,91,12376,6506.19002723694,Paid,0
1,12,103,1101,14,2918,40,10554,13025,Paid,0
1,12,103,1101,14,5140,43,11692,6176,Paid,0
1,12,103,1101,16,2646,27,776,1516.82995605469,Paid,0
1,12,103,1101,16,2646,29,775,2058.10009765625,Paid,0
1,12,103,1101,17,4959,17,11049,3224,Paid,0
1,12,103,1101,17,4959,27,11049,4030,Paid,0
1,12,103,1101,24,300,30,15516,31053,Paid,0
1,12,103,1101,24,466,32,15512,26895,Paid,0
1,12,103,1101,24,683,8,14585,18077.919921875,Paid,0
1,12,103,1101,24,1027,113,15485,43950,Paid,0
1,12,103,1101,24,1119,122,5468,129683.6484375,Paid,0
1,12,103,1101,24,2339,49,7155,21193,Paid,0
1,12,103,1101,24,2654,10,15505,6375.75,Paid,0
1,12,103,1101,24,2742,24,5466,1950,Paid,0
1,12,103,1101,24,2918,1,1001,2532.9599609375,Paid,0
1,12,103,1101,24,2918,4,1001,2549.69995117188,Paid,0
1,12,103,1101,24,2918,10,1001,4249.5,Paid,0
1,12,103,1101,24,2918,11,1001,849.900024414063,Paid,0
1,12,103,1101,24,2918,12,1001,2549.69995117188,Paid,0
1,12,103,1101,24,2918,25,1003,2814,Paid,0
1,12,103,1101,24,2918,45,15492,18750,Paid,0
1,12,103,1101,24,2918,115,15521,32720,Paid,0
1,12,103,1101,24,3203,10,8412,40000,Paid,0
1,12,103,1101,24,3203,72,15516,34147.19921875,Paid,0
1,12,103,1101,24,3958,15,2451,42930,Paid,0
1,12,103,1101,24,3958,15,15520,33300,Paid,0
1,12,103,1101,24,3958,48,15521,49750,Paid,0
1,12,103,1101,24,3958,70,15516,9032,Paid,0
1,12,103,1101,24,3989,27,1002,7806,Paid,0
1,12,103,1101,24,4352,4,14721,54515,Paid,0
1,12,103,1101,24,4876,42,15521,132324,Paid,0
1,12,103,1101,24,4876,58,15521,33000,Paid,0
1,12,103,1101,24,4960,38,4699,1700,Paid,0
1,12,103,1101,24,4960,46,4699,5967.5,Paid,0
1,12,103,1101,24,5194,35,15501,36135,Paid,0
1,12,103,1101,24,5434,11,14721,7529.48999977112,Paid,0
1,12,103,1101,24,5434,40,14722,9738.3701171875,Paid,0
1,12,103,1101,25,2443,33,2587,7504,Paid,0
1,12,103,1101,25,3203,6,5453,28669.419921875,Paid,0
1,12,103,1101,25,3203,9,8412,36500,Paid,0
1,12,103,1101,25,3223,26,2367,2625,Paid,0
1,12,103,1101,25,5195,11,10627,2713.54992675781,Paid,0
1,12,103,1101,25,5195,11,17778,4651.80004882813,Paid,0
1,12,103,1101,25,5195,11,18430,12017.1499023438,Paid,0
1,12,103,1101,26,62,92,12153,37430.25,Paid,0
1,12,103,1101,26,62,94,12153,12476.75,Paid,0
1,12,103,1101,26,1362,66,10330,18500,Paid,0
1,12,103,1101,26,2918,2,7913,23626.5,Paid,0
1,12,103,1101,26,2918,34,7914,26565,Paid,0
1,12,103,1101,26,2918,76,11369,13545,Paid,0
1,12,103,1101,26,2918,123,11369,21658.5,Paid,0
1,12,103,1101,26,3203,2,5453,2985.23999023438,Paid,0
1,12,103,1101,26,3203,3,5453,995.080017089844,Paid,0
1,12,103,1101,26,3203,25,8412,83.1999969482422,Paid,0
1,12,103,1101,26,3203,103,5454,1091.47998046875,Paid,0
1,12,103,1101,26,3203,116,5454,18665.400390625,Paid,0
1,12,103,1101,26,3233,15,16855,34300,Paid,0
1,12,103,1101,26,3233,21,16855,13720,Paid,0
1,12,103,1101,26,3957,10,16855,33750,Paid,0
1,12,103,1101,26,3958,21,16855,19500,Paid,0
1,12,103,1101,26,3958,23,16855,45500,Paid,0
1,12,103,1101,26,4079,1,3721,7527,Paid,0
1,12,103,1101,26,4079,4,15551,525.989990234375,Paid,0
1,12,103,1101,26,4323,91,15494,6595,Paid,0
1,12,103,1101,26,4435,12,12149,33944,Paid,0
1,12,103,1101,26,4889,28,12357,1611,Paid,0
1,12,103,1101,27,4973,38,11369,6450,Paid,0
1,12,103,1101,28,1781,27,14581,38070,Paid,0
1,12,103,1101,28,1781,28,14581,111115,Paid,0
1,12,103,1101,28,1781,32,14581,36411,Paid,0
1,12,103,1101,28,1851,7,14586,102243,Paid,0
1,12,103,1101,28,1851,16,14586,19387,Paid,0
1,12,103,1101,28,3203,32,12736,876,Paid,0
1,12,103,1101,28,4084,33,14389,14478.150390625,Paid,0
1,12,103,1101,28,5172,126,11389,10000,Paid,0
1,12,103,1101,28,5172,128,11389,9984,Paid,0
1,12,103,1101,28,5172,130,11389,65585,Paid,0
1,12,103,1101,28,5172,131,11389,67404,Paid,0
1,12,103,1101,28,5172,133,11389,54534,Outstanding,54534
1,12,103,1101,28,5273,73,11647,500,Paid,0
1,12,103,1101,30,1362,127,12139,51.9199981689453,Paid,0
1,12,103,1101,30,2918,31,6447,13280,Paid,0
1,12,103,1101,31,418,35,12148,5031,Paid,0
1,12,103,1101,31,1362,1,12138,99087,Paid,0
1,12,103,1101,31,1362,2,9568,5475,Paid,0
1,12,103,1101,31,1362,2,12138,10800,Paid,0
1,12,103,1101,31,1362,3,12138,855,Paid,0
1,12,103,1101,31,1362,4,12138,122560,Paid,0
1,12,103,1101,31,1362,5,12138,33330,Paid,0
1,12,103,1101,31,1362,8,12138,48149,Paid,0
1,12,103,1101,31,1362,9,12138,170347,Paid,0
1,12,103,1101,31,1362,10,12138,5066,Paid,0
1,12,103,1101,31,1362,12,9568,3650,Paid,0
1,12,103,1101,31,1362,12,12138,1182,Paid,0
1,12,103,1101,31,1362,13,12138,175348,Paid,0
1,12,103,1101,31,1362,14,12138,102844,Paid,0
1,12,103,1101,31,1362,65,10574,34085,Paid,0
1,12,103,1101,31,1362,66,10574,13680,Paid,0
1,12,103,1101,31,1362,76,10574,13605,Paid,0
1,12,103,1101,31,1362,132,12139,1365.3999786377,Paid,0
1,12,103,1101,31,1797,65,12148,1194.14001464844,Paid,0
1,12,103,1101,31,2049,34,12148,13995.4399414063,Paid,0
1,12,103,1101,31,2174,1,3300,1190.68005371094,Paid,0
1,12,103,1101,31,2238,34,12148,3654,Paid,0
1,12,103,1101,31,3068,11,15101,3500,Paid,0
1,12,103,1101,31,3223,19,12137,278.399993896484,Paid,0
1,12,103,1101,31,3223,28,12137,1967.99993896484,Paid,0
1,12,103,1101,31,3223,35,10573,5194.2001953125,Paid,0
1,12,103,1101,31,3537,33,12137,3820,Paid,0
1,12,103,1101,31,3989,8,4655,4112,Paid,0
1,12,103,1101,31,4217,3,12152,12635,Paid,0
1,12,103,1101,31,4217,3,12155,2320,Paid,0
1,12,103,1101,31,4217,10,12152,3480,Paid,0
1,12,103,1101,31,4435,2,12149,3400,Paid,0
1,12,103,1101,31,4435,3,12149,1500,Paid,0
1,12,103,1101,31,4435,4,12149,5500,Paid,0
1,12,103,1101,31,4435,8,12149,2700,Paid,0
1,12,103,1101,31,4435,9,12149,9000,Paid,0
1,12,103,1101,31,4435,12,12149,2640,Paid,0
1,12,103,1101,31,4435,12,17859,1056,Paid,0
1,12,103,1101,31,4435,19,12138,1584,Paid,0
1,12,103,1101,31,4435,21,12149,1620,Paid,0
1,12,103,1101,31,4435,76,3622,7300,Paid,0
1,12,103,1101,31,4889,69,12153,25120,Paid,0
1,12,103,1101,31,4973,19,12147,7701,Paid,0
1,12,103,1101,34,3958,38,2879,23900,Paid,0
1,12,103,1101,34,5459,129,2875,40950,Paid,0
1,12,103,1101,35,2363,2,9316,8196,Paid,0
1,12,103,1101,35,2363,8,9316,2732,Paid,0
1,12,103,1101,35,2442,127,1384,6752,Paid,0
1,12,103,1101,35,3958,38,1384,14150,Paid,0
1,12,103,1101,35,4889,28,9152,2448,Paid,0
1,12,103,1101,35,4889,29,9153,55065,Paid,0
1,12,103,1101,35,4889,39,9153,2349,Paid,0
1,12,103,1101,35,4889,45,9153,3521,Paid,0
1,12,103,1101,35,4889,52,9153,2624,Paid,0
1,12,103,1101,35,4889,56,9153,2624,Paid,0
1,12,103,1101,35,4889,69,9153,7575,Paid,0
1,12,103,1101,35,4889,78,9153,2722.13993835449,Paid,0
1,12,103,1101,35,4889,79,9153,2722.13993835449,Paid,0
1,12,103,1101,35,4889,80,9153,2981.49003601074,Paid,0
1,12,103,1101,35,4889,82,9153,102.699996948242,Paid,0
1,12,103,1101,35,4889,100,9153,12444.6800384521,Paid,0
1,12,103,1101,35,4889,113,9155,3050.73999023438,Paid,0
1,12,103,1101,35,4889,114,9155,13906.2802734375,Paid,0
1,12,103,1101,35,4889,124,9155,4789.14990234375,Paid,0
1,12,103,1101,35,4889,126,9155,63254.5703125,Paid,0
1,12,103,1101,35,4889,127,9155,9152.2197265625,Paid,0
1,12,103,1101,35,4889,128,9155,13759.7802734375,Paid,0
1,12,103,1101,35,4889,129,9155,7987.42993164063,Paid,0
1,12,103,1101,35,4889,130,9155,4642.64990234375,Paid,0
1,12,103,1101,35,4889,131,9155,9854.1097869873,Paid,0
1,12,103,1101,35,4889,132,9155,5406.53988647461,Paid,0
1,12,103,1101,35,4889,133,9155,15063.629699707,Paid,0
1,12,103,1101,35,5195,38,15597,30804.8000640869,Paid,0
1,12,103,1101,35,5459,119,1384,9960,Paid,0
1,12,103,1101,36,418,2,15491,19890,Paid,0
1,12,103,1101,36,466,8,14732,53150,Paid,0
1,12,103,1101,36,466,9,14732,265750,Paid,0
1,12,103,1101,36,466,11,14732,325278,Paid,0
1,12,103,1101,36,466,15,14732,108426,Paid,0
1,12,103,1101,36,1237,31,14720,25646,Paid,0
1,12,103,1101,36,1362,127,12139,8876.47998046875,Paid,0
1,12,103,1101,36,2174,1,3300,2381.36010742188,Paid,0
1,12,103,1101,36,2918,4,1001,2549.69995117188,Paid,0
1,12,103,1101,36,2918,4,15513,9875,Paid,0
1,12,103,1101,36,2918,9,1001,2549.69995117188,Paid,0
1,12,103,1101,36,2918,10,1001,2549.69995117188,Paid,0
1,12,103,1101,36,3484,9,15491,41600,Paid,0
1,12,103,1101,36,3863,80,2458,53100,Paid,0
1,12,103,1101,36,3953,94,10619,19094,Paid,0
1,12,103,1101,36,3958,3,2474,75795,Paid,0
1,12,103,1101,36,3958,16,16855,8180,Paid,0
1,12,103,1101,36,3991,40,8737,9899.599609375,Paid,0
1,12,103,1101,36,4323,7,15493,6795,Paid,0
1,12,103,1101,36,4323,15,15493,95130,Paid,0
1,12,103,1101,36,4352,6,14721,57785,Paid,0
1,12,103,1101,36,4352,11,14721,115570,Paid,0
1,12,103,1101,36,4352,14,14721,57785,Paid,0
1,12,103,1101,36,4381,20,8738,20107.1298828125,Paid,0
1,12,103,1101,36,4521,9,15489,9930,Paid,0
1,12,103,1101,36,4521,10,14732,177980,Paid,0
1,12,103,1101,36,4521,13,14732,444950,Paid,0
1,12,103,1101,36,4521,13,18010,177980,Paid,0
1,12,103,1101,36,4522,3,14732,85940,Paid,0
1,12,103,1101,36,4522,4,14732,515640,Paid,0
1,12,103,1101,36,4639,7,15493,97042,Paid,0
1,12,103,1101,36,4639,14,15493,70576,Paid,0
1,12,103,1101,36,4639,14,18063,35288,Paid,0
1,12,103,1101,36,4639,15,15493,17644,Paid,0
1,12,103,1101,36,4639,16,18008,3500,Paid,0
1,12,103,1101,36,4639,16,18524,3500,Paid,0
1,12,103,1101,36,4639,25,6450,4000,Paid,0
1,12,103,1101,36,4770,127,2458,119136,Paid,0
1,12,103,1101,36,4889,20,14719,18360,Paid,0
1,12,103,1101,36,4889,40,5536,4517.75,Paid,0
1,12,103,1101,36,4889,90,3301,717.599998474121,Paid,0
1,12,103,1101,36,4960,45,4699,450,Paid,0
1,12,103,1101,36,4960,52,4699,18305,Paid,0
1,12,103,1101,37,84,52,5884,14564.830078125,Paid,0
1,12,103,1101,37,402,48,16818,20350,Paid,0
1,12,103,1101,37,948,46,16824,69758.78125,Paid,0
1,12,103,1101,37,948,71,16824,277806.359375,Paid,0
1,12,103,1101,37,948,92,16824,26411.75,Paid,0
1,12,103,1101,37,4889,43,4887,44802.9192199707,Paid,0
1,12,103,1101,37,4889,72,16822,42908.4499511719,Paid,0
1,12,103,1101,66,402,62,9751,14144.2001953125,Paid,0
1,12,103,1101,67,1660,77,4882,7720,Paid,0
1,12,103,1101,67,1660,84,4882,5768.330078125,Paid,0
1,12,103,1101,67,1660,85,4882,6249.68017578125,Paid,0
1,12,103,1101,67,1660,87,4882,8817.33984375,Paid,0
1,12,103,1101,67,1855,67,4882,127653.992553711,Paid,0
1,12,103,1101,67,1855,75,4882,6020,Paid,0
1,12,103,1101,69,2287,83,4699,10500,Paid,0
1,12,103,1101,72,4079,40,3722,60273.9998779297,Paid,0
1,12,103,1101,80,1660,94,5045,700,Paid,0
1,12,158,1049,6,3709,47,11967,2667.00003051758,Paid,0
1,12,158,1049,6,3709,49,3754,1621.09997558594,Paid,0
1,12,158,1049,6,3709,49,11966,827.399993896484,Paid,0
1,12,158,1049,6,3709,49,11967,889,Paid,0
1,12,158,1049,6,3709,50,3754,7647.99996948242,Paid,0
1,12,158,1049,6,3709,51,3754,2904.05004882813,Paid,0
1,12,158,1049,6,3709,56,11967,402.600006103516,Paid,0
1,12,158,1049,10,2618,46,14398,2411.95001220703,Paid,0
1,12,158,1049,10,2618,48,14398,2874.0900220871,Paid,0
1,12,158,1049,26,896,56,11692,8660,Paid,0
1,12,216,1102,6,3709,65,3754,11836.9900512695,Paid,0
1,12,216,1102,6,3709,66,3754,5606.58996582031,Paid,0
1,12,216,1102,6,3709,73,3754,4250.40008544922,Paid,0
1,12,216,1102,6,3709,75,3754,1930.94006347656,Paid,0
1,12,575,1101,6,3709,41,3754,12093.4998779297,Paid,0
1,12,575,1101,6,3709,42,3754,4326.59997558594,Paid,0
1,12,575,1101,6,3709,43,3754,1006.20001220703,Paid,0
1,12,575,1101,6,3709,50,3754,5957.79998779297,Paid,0
1,12,575,1101,6,3709,51,3754,9219.44989013672,Paid,0
1,12,575,1101,6,3709,52,3754,2312.20001220703,Paid,0
1,12,575,1101,6,3709,56,3754,779,Paid,0
1,12,575,1101,8,2737,41,6878,2338.02001953125,Paid,0
1,12,575,1101,8,2737,51,6878,11328.1298828125,Paid,0
1,12,575,1101,35,4889,41,9153,4294,Paid,0
1,13,103,1050,6,3054,89,3760,1140,Paid,0
1,13,103,1050,6,3054,99,3760,1140,Paid,0
1,13,103,1050,6,3709,65,3754,2787.84008789063,Paid,0
1,13,103,1050,6,3709,67,3754,771.210021972656,Paid,0
1,13,103,1050,6,3709,69,3754,11693.8497924805,Paid,0
1,13,103,1050,6,3709,70,3754,15168.1497192383,Paid,0
1,13,103,1050,6,3709,71,3754,8926.49987792969,Paid,0
1,13,103,1050,6,3709,72,3754,2893.39990234375,Paid,0
1,13,103,1050,6,3709,73,3754,1889.90997314453,Paid,0
1,13,103,1050,6,3709,75,3754,4266.90014648438,Paid,0
1,13,103,1050,6,4181,80,3754,899.909973144531,Paid,0
1,13,103,1050,6,4181,81,3754,771.210021972656,Paid,0
1,13,103,1050,10,2618,71,14398,5038.62005615234,Paid,0
1,13,103,1050,10,2618,81,14401,4727.2200088501,Paid,0
1,13,103,1050,35,4889,73,9153,15015,Paid,0
1,13,103,1050,35,4889,74,9153,4429.70013427734,Paid,0
1,13,103,1050,35,4889,76,9153,10325,Paid,0
1,13,103,1050,35,4889,78,9153,24555.2602386475,Paid,0
1,13,103,1050,36,1781,83,15552,4000,Paid,0
1,13,103,1101,6,3709,21,11966,369.049987792969,Paid,0
1,13,216,520,24,2550,13,15513,927540,Paid,0
1,13,216,1049,6,3054,121,3760,1748,Paid,0
1,13,216,1049,6,3054,122,3760,25366.25,Paid,0
1,13,216,1049,6,3054,123,3760,4323.5,Paid,0
1,13,216,1049,35,4889,121,9155,9284,Paid,0
1,13,216,1049,36,1362,133,12139,292.600006103516,Paid,0
1,13,216,1050,2,1643,20,7960,13199.650390625,Paid,0
1,13,216,1050,2,1643,20,8574,16286.6396484375,Paid,0
1,13,216,1050,2,1643,22,7960,2192.34997558594,Paid,0
1,13,216,1050,2,1643,22,8574,26633.359375,Paid,0
1,13,216,1050,2,1643,28,16157,404.75,Paid,0
1,13,216,1050,2,2292,42,14786,322.799987792969,Paid,0
1,13,216,1050,2,2292,48,14786,7192.7998046875,Paid,0
1,13,216,1050,2,2292,49,14786,4484.39990234375,Paid,0
1,13,216,1050,4,3223,28,10022,10831.1997375488,Paid,0
1,13,216,1050,4,3223,33,10023,5803.080078125,Paid,0
1,13,216,1050,4,3385,75,5845,12470,Paid,0
1,13,216,1050,6,31,36,6196,1782.93994140625,Paid,0
1,13,216,1050,6,295,9,11966,7373.52020263672,Paid,0
1,13,216,1050,6,295,10,11966,1228.91998291016,Paid,0
1,13,216,1050,6,295,11,11966,6232.3798828125,Paid,0
1,13,216,1050,6,295,12,11966,2721.17999267578,Paid,0
1,13,216,1050,6,295,17,11966,5705.7001953125,Paid,0
1,13,216,1050,6,295,20,11966,6320.15991210938,Paid,0
1,13,216,1050,6,295,21,11966,614.460021972656,Paid,0
1,13,216,1050,6,1471,1,11966,303.839996337891,Paid,0
1,13,216,1050,6,1471,5,11966,628.880004882813,Paid,0
1,13,216,1050,6,1471,8,11966,7689.77026367188,Paid,0
1,13,216,1050,6,1471,9,11966,3667.88000488281,Paid,0
1,13,216,1050,6,1471,10,11966,13563.7102355957,Paid,0
1,13,216,1050,6,1471,11,11966,3497.93002319336,Paid,0
1,13,216,1050,6,1471,12,11966,11238.0702209473,Paid,0
1,13,216,1050,6,2736,4,6877,703.169982910156,Paid,0
1,13,216,1050,6,3054,89,3760,4792,Paid,0
1,13,216,1050,6,3054,90,3760,1384.5,Paid,0
1,13,216,1050,6,3054,91,3760,21972.5,Paid,0
1,13,216,1050,6,3054,93,3760,16570,Paid,0
1,13,216,1050,6,3054,94,3760,2052,Paid,0
1,13,216,1050,6,3054,95,3760,32866,Paid,0
1,13,216,1050,6,3054,96,3760,1709,Paid,0
1,13,216,1050,6,3054,98,3760,38765.5,Paid,0
1,13,216,1050,6,3054,99,3760,14787,Paid,0
1,13,216,1050,6,3054,100,3760,4956,Paid,0
1,13,216,1050,6,3054,101,3760,39805,Paid,0
1,13,216,1050,6,3054,102,3760,26537.5,Paid,0
1,13,216,1050,6,3054,103,3760,10345.25,Paid,0
1,13,216,1050,6,3054,104,3760,6236,Paid,0
1,13,216,1050,6,3054,105,3760,20967,Paid,0
1,13,216,1050,6,3054,106,3760,3192,Paid,0
1,13,216,1050,6,3054,107,3760,24099,Paid,0
1,13,216,1050,6,3054,108,3760,18891,Paid,0
1,13,216,1050,6,3054,109,3760,20590.25,Paid,0
1,13,216,1050,6,3054,110,3760,40052.75,Paid,0
1,13,216,1050,6,3054,111,3760,27809.5,Paid,0
1,13,216,1050,6,3054,112,3760,3888,Paid,0
1,13,216,1050,6,3054,113,3760,4624,Paid,0
1,13,216,1050,6,3054,114,3760,10046.5,Paid,0
1,13,216,1050,6,3054,115,3760,27467,Paid,0
1,13,216,1050,6,3054,116,3760,7820,Paid,0
1,13,216,1050,6,3054,117,3760,2023.5,Paid,0
1,13,216,1050,6,3054,118,3760,1293,Paid,0
1,13,216,1050,6,3054,119,3760,23669.25,Paid,0
1,13,216,1050,6,3054,120,3760,11908.5,Paid,0
1,13,216,1050,6,3054,121,3760,13798.5,Paid,0
1,13,216,1050,6,3054,122,3760,34899.25,Paid,0
1,13,216,1050,6,3054,123,3760,49306.75,Paid,0
1,13,216,1050,6,3054,124,3760,16724.5,Paid,0
1,13,216,1050,6,3054,126,3760,13453.5,Paid,0
1,13,216,1050,6,3054,127,3760,6440,Paid,0
1,13,216,1050,6,3054,128,3760,20029,Paid,0
1,13,216,1050,6,3054,129,3760,7460,Paid,0
1,13,216,1050,6,3054,132,3760,1398,Paid,0
1,13,216,1050,6,3709,16,11966,3522.10003662109,Paid,0
1,13,216,1050,6,3709,17,11966,5917.49990844727,Paid,0
1,13,216,1050,6,3709,18,11966,4371.00003051758,Paid,0
1,13,216,1050,6,3709,20,11966,5577.50015258789,Paid,0
1,13,216,1050,6,3709,21,11966,7745.45008850098,Paid,0
1,13,216,1050,6,3709,22,11966,2415.25001525879,Paid,0
1,13,216,1050,6,3709,23,11966,827.399993896484,Paid,0
1,13,216,1050,6,3709,27,11966,355.600006103516,Paid,0
1,13,216,1050,6,3709,33,11967,8385.50021362305,Paid,0
1,13,216,1050,6,3709,36,11967,603.900024414063,Paid,0
1,13,216,1050,6,3709,37,11967,1844.70001220703,Paid,0
1,13,216,1050,6,3709,38,11967,5638.35006713867,Paid,0
1,13,216,1050,6,3709,39,11967,3108.45001220703,Paid,0
1,13,216,1050,6,3709,41,3754,16818.7000732422,Paid,0
1,13,216,1050,6,3709,42,3754,5471,Paid,0
1,13,216,1050,6,3709,43,3754,25822.6000366211,Paid,0
1,13,216,1050,6,3709,47,11967,305.549987792969,Paid,0
1,13,216,1050,6,3709,49,3754,1565.20001220703,Paid,0
1,13,216,1050,6,3709,50,3754,4667.5,Paid,0
1,13,216,1050,6,3709,51,3754,5182.40002441406,Paid,0
1,13,216,1050,6,3709,52,3754,49052.3999633789,Paid,0
1,13,216,1050,6,3709,54,3754,629,Paid,0
1,13,216,1050,6,3709,55,3754,14237.0999908447,Paid,0
1,13,216,1050,6,3709,56,3754,1419.30004882813,Paid,0
1,13,216,1050,6,3709,57,3754,1717.39999389648,Paid,0
1,13,216,1050,6,3709,58,3754,1120.49998474121,Paid,0
1,13,216,1050,6,3709,60,3754,909,Paid,0
1,13,216,1050,6,3709,64,3754,10956.6999206543,Paid,0
1,13,216,1050,6,3709,65,3754,4497.35015869141,Paid,0
1,13,216,1050,6,3709,66,3754,4441.46997070313,Paid,0
1,13,216,1050,6,3709,67,3754,4263.93005371094,Paid,0
1,13,216,1050,6,3709,68,3754,8938.74990844727,Paid,0
1,13,216,1050,6,3709,69,3754,7819.79992675781,Paid,0
1,13,216,1050,6,3709,70,3754,10393.3998565674,Paid,0
1,13,216,1050,6,3709,71,3754,4227.89996337891,Paid,0
1,13,216,1050,6,3709,72,3754,9330.50012207031,Paid,0
1,13,216,1050,6,3709,73,3754,17858.3903198242,Paid,0
1,13,216,1050,6,3709,74,3754,3854.95007324219,Paid,0
1,13,216,1050,6,3709,75,3754,11215.7103271484,Paid,0
1,13,216,1050,6,3709,84,3753,2382.27001953125,Paid,0
1,13,216,1050,6,3709,86,3753,14662.1204223633,Paid,0
1,13,216,1050,6,4181,81,3754,48164.3811035156,Paid,0
1,13,216,1050,6,4181,86,3753,3558.50012207031,Paid,0
1,13,216,1050,8,31,22,6196,868.409973144531,Paid,0
1,13,216,1050,8,31,23,6196,565.280029296875,Paid,0
1,13,216,1050,8,31,30,6197,520.730003356934,Paid,0
1,13,216,1050,8,31,40,6197,578.270011901855,Paid,0
1,13,216,1050,8,31,43,6197,763.320007324219,Paid,0
1,13,216,1050,8,31,45,6197,2428.04997253418,Paid,0
1,13,216,1050,8,31,46,6197,259.299987792969,Paid,0
1,13,216,1050,8,31,48,6197,280.100006103516,Paid,0
1,13,216,1050,8,31,52,6197,978.489990234375,Paid,0
1,13,216,1050,8,31,57,6197,1510.77001953125,Paid,0
1,13,216,1050,8,599,4,6196,10930.6899795532,Paid,0
1,13,216,1050,8,599,22,4728,959.609985351563,Paid,0
1,13,216,1050,8,1630,102,4729,8852.19018554688,Paid,0
1,13,216,1050,8,1630,103,4729,11090.8603515625,Paid,0
1,13,216,1050,8,1630,104,4729,20011.400390625,Paid,0
1,13,216,1050,8,1630,104,6197,7600,Paid,0
1,13,216,1050,8,1630,112,4729,19758.9599609375,Paid,0
1,13,216,1050,8,1630,113,6197,26273.240234375,Paid,0
1,13,216,1050,8,1630,114,4729,2574.21997070313,Paid,0
1,13,216,1050,8,1630,114,6197,9700.32006835938,Paid,0
1,13,216,1050,8,1630,124,6197,15776.5703125,Paid,0
1,13,216,1050,8,1630,126,4729,10133.2196960449,Paid,0
1,13,216,1050,8,1630,128,4729,2594.02001953125,Paid,0
1,13,216,1050,8,2736,4,6877,345.570007324219,Paid,0
1,13,216,1050,8,2736,22,6877,339.959991455078,Paid,0
1,13,216,1050,8,2736,23,12504,738.719970703125,Paid,0
1,13,216,1050,8,2736,31,6878,1274.42004394531,Paid,0
1,13,216,1050,8,2736,34,6877,1516.43994140625,Paid,0
1,13,216,1050,8,2736,40,6878,20817.7890625,Paid,0
1,13,216,1050,8,2736,45,6878,3245.47998046875,Paid,0
1,13,216,1050,8,2736,46,6878,1404.76000976563,Paid,0
1,13,216,1050,8,2736,65,4729,18284.6796875,Paid,0
1,13,216,1050,8,2736,66,745,4250.65002441406,Paid,0
1,13,216,1050,8,2736,66,4729,924.349975585938,Paid,0
1,13,216,1050,8,2736,67,4729,22256.6708984375,Paid,0
1,13,216,1050,8,2737,43,12505,672,Paid,0
1,13,216,1050,8,2737,45,6878,4685.17999267578,Paid,0
1,13,216,1050,8,2737,45,14454,1086.82998657227,Paid,0
1,13,216,1050,8,2737,46,6878,3102.22003173828,Paid,0
1,13,216,1050,8,2737,48,6878,342.850006103516,Paid,0
1,13,216,1050,8,2737,52,6878,2607.5400390625,Paid,0
1,13,216,1050,8,2737,58,6878,5024.68994140625,Paid,0
1,13,216,1050,8,2737,64,6878,2481.8701171875,Paid,0
1,13,216,1050,8,5320,107,14401,8167.02980041504,Paid,0
1,13,216,1050,10,229,16,14397,3240.76000976563,Paid,0
1,13,216,1050,10,631,19,2203,1800,Paid,0
1,13,216,1050,10,631,19,9067,630,Paid,0
1,13,216,1050,10,1630,100,4729,12253.23046875,Paid,0
1,13,216,1050,10,1630,104,4729,3010,Paid,0
1,13,216,1050,10,2049,93,12167,5825,Paid,0
1,13,216,1050,10,2618,19,14397,3131.54002952576,Paid,0
1,13,216,1050,10,2618,38,14398,18709.5099096298,Paid,0
1,13,216,1050,10,2618,39,14398,19279.1896476746,Paid,0
1,13,216,1050,10,2618,44,14398,4978.05000686646,Paid,0
1,13,216,1050,10,2618,50,14398,11911.8500328064,Paid,0
1,13,216,1050,10,2618,54,14398,4191.60009765625,Paid,0
1,13,216,1050,10,2618,72,14398,4457.59999847412,Paid,0
1,13,216,1050,10,2618,73,14398,8086.03025054932,Paid,0
1,13,216,1050,10,2618,81,14401,1637.69005584717,Paid,0
1,13,216,1050,10,2618,90,14401,4274.37010955811,Paid,0
1,13,216,1050,10,2618,91,14401,4532.47991466522,Paid,0
1,13,216,1050,10,2618,100,14401,1847.08002471924,Paid,0
1,13,216,1050,10,3203,99,5454,33949.30859375,Paid,0
1,13,216,1050,10,3386,104,5846,67694.796875,Paid,0
1,13,216,1050,10,3386,110,5846,40024.48046875,Paid,0
1,13,216,1050,10,4011,45,14390,49441,Paid,0
1,13,216,1050,10,4840,45,14390,9880,Paid,0
1,13,216,1050,10,4973,98,12167,22590,Paid,0
1,13,216,1050,10,5320,102,14401,4945.81000518799,Paid,0
1,13,216,1050,10,5320,107,14401,1508.86001586914,Paid,0
1,13,216,1050,10,5320,120,14401,6352.69999694824,Paid,0
1,13,216,1050,10,5320,126,14401,5808.84000396729,Paid,0
1,13,216,1050,14,3069,40,8730,3549,Paid,0
1,13,216,1050,16,2166,31,775,4677.60009765625,Paid,0
1,13,216,1050,16,2166,39,775,4590.14990234375,Paid,0
1,13,216,1050,16,2166,44,775,3116.39990234375,Paid,0
1,13,216,1050,16,2166,66,775,7358.9599609375,Paid,0
1,13,216,1050,16,2646,32,776,1515.73999023438,Paid,0
1,13,216,1050,16,2646,38,775,1823.71997070313,Paid,0
1,13,216,1050,16,2646,108,775,12209.3203125,Paid,0
1,13,216,1050,16,2646,132,775,3588,Paid,0
1,13,216,1050,24,1016,44,15501,37350,Paid,0
1,13,216,1050,24,2339,49,7155,35590,Paid,0
1,13,216,1050,24,2339,52,15554,83820,Paid,0
1,13,216,1050,24,2441,11,5844,171000,Paid,0
1,13,216,1050,24,2550,9,15513,2040600,Paid,0
1,13,216,1050,24,2550,11,15513,927540,Paid,0
1,13,216,1050,24,2550,22,15513,4484316,Paid,0
1,13,216,1050,24,2741,127,3964,4507.080078125,Paid,0
1,13,216,1050,24,2742,82,3964,7091.38989257813,Paid,0
1,13,216,1050,24,2762,121,3964,4025.7900390625,Paid,0
1,13,216,1050,24,2762,123,3964,6036.89990234375,Paid,0
1,13,216,1050,24,2918,4,1001,5099.39990234375,Paid,0
1,13,216,1050,24,2918,9,1001,3322.26000976563,Paid,0
1,13,216,1050,24,2918,10,1001,6644.52001953125,Paid,0
1,13,216,1050,24,3958,14,3813,6375,Paid,0
1,13,216,1050,24,4088,24,15127,2126.21997070313,Paid,0
1,13,216,1050,24,4088,41,15128,3459,Paid,0
1,13,216,1050,24,4088,60,15128,17390.7397689819,Paid,0
1,13,216,1050,24,4089,78,15128,18651.599609375,Paid,0
1,13,216,1050,24,4089,78,15552,1772.63000488281,Paid,0
1,13,216,1050,24,4648,5,15476,167812.5,Paid,0
1,13,216,1050,24,4648,13,15476,167812.5,Paid,0
1,13,216,1050,24,4648,24,15476,375998,Paid,0
1,13,216,1050,24,4686,48,15477,13340,Paid,0
1,13,216,1050,24,4770,113,15552,41173,Paid,0
1,13,216,1050,24,4770,113,16547,24419.890625,Paid,0
1,13,216,1050,24,4960,72,4699,2340,Paid,0
1,13,216,1050,24,4960,73,4699,1622.5,Paid,0
1,13,216,1050,25,362,21,2363,13777.1997070313,Paid,0
1,13,216,1050,25,2238,38,5464,26152,Paid,0
1,13,216,1050,25,3683,11,1365,13338,Paid,0
1,13,216,1050,25,5238,15,1368,3162.8798828125,Paid,0
1,13,216,1050,26,418,129,12239,98719.5,Paid,0
1,13,216,1050,26,895,41,11692,18564.69921875,Paid,0
1,13,216,1050,26,1815,2,10555,3210.68994140625,Paid,0
1,13,216,1050,26,2918,115,1010,2886,Paid,0
1,13,216,1050,26,4381,10,8738,20052.6198730469,Paid,0
1,13,216,1050,31,1566,24,9365,9619.2802734375,Paid,0
1,13,216,1050,31,1815,19,3300,598.730014801025,Paid,0
1,13,216,1050,31,4088,36,12163,17232.3203125,Paid,0
1,13,216,1050,31,4088,65,15128,13836,Paid,0
1,13,216,1050,31,4088,75,15128,13564.7998046875,Paid,0
1,13,216,1050,31,4089,97,15128,6217.2001953125,Paid,0
1,13,216,1050,31,4089,97,15552,90.4199981689453,Paid,0
1,13,216,1050,31,4435,9,12149,9768,Paid,0
1,13,216,1050,31,4435,76,12163,5550,Paid,0
1,13,216,1050,31,4435,81,3622,5550,Paid,0
1,13,216,1050,31,4973,19,12147,5010,Paid,0
1,13,216,1050,35,2363,2,9316,19076,Paid,0
1,13,216,1050,35,2363,3,9316,3134.5,Paid,0
1,13,216,1050,35,2363,5,9316,5464,Paid,0
1,13,216,1050,35,2363,7,9316,3196,Paid,0
1,13,216,1050,35,2363,9,9316,8172,Paid,0
1,13,216,1050,35,2363,12,9316,3134.5,Paid,0
1,13,216,1050,35,2363,15,9316,24946.5,Paid,0
1,13,216,1050,35,2363,18,9316,3319,Paid,0
1,13,216,1050,35,2363,21,9316,2793.5,Paid,0
1,13,216,1050,35,4889,29,9153,17468,Paid,0
1,13,216,1050,35,4889,35,9153,43122,Paid,0
1,13,216,1050,35,4889,38,9153,10624,Paid,0
1,13,216,1050,35,4889,39,9153,3620,Paid,0
1,13,216,1050,35,4889,41,9153,18395,Paid,0
1,13,216,1050,35,4889,43,9153,52615,Paid,0
1,13,216,1050,35,4889,45,9153,6167,Paid,0
1,13,216,1050,35,4889,65,9153,7436.08016967773,Paid,0
1,13,216,1050,35,4889,66,9153,102.699996948242,Paid,0
1,13,216,1050,35,4889,73,9153,7176.49003601074,Paid,0
1,13,216,1050,35,4889,75,9153,13898.0501861572,Paid,0
1,13,216,1050,35,4889,76,9153,10813.8601531982,Paid,0
1,13,216,1050,35,4889,79,9153,2619.43994140625,Paid,0
1,13,216,1050,35,4889,80,9153,19726.1804199219,Paid,0
1,13,216,1050,35,4889,82,9153,47915.4307403564,Paid,0
1,13,216,1050,35,4889,90,9153,4961.080078125,Paid,0
1,13,216,1050,35,4889,95,9153,10156.3001556396,Paid,0
1,13,216,1050,35,4889,98,9153,22600.9801940918,Paid,0
1,13,216,1050,35,4889,100,9153,6206.3602142334,Paid,0
1,13,216,1050,35,4889,108,9153,33070.6902618408,Paid,0
1,13,216,1050,35,4889,110,9155,18121,Paid,0
1,13,216,1050,35,4889,114,9155,3050.73999023438,Paid,0
1,13,216,1050,35,4889,115,9155,4840.740234375,Paid,0
1,13,216,1050,35,4889,120,9155,5914,Paid,0
1,13,216,1050,35,4889,121,9155,23714,Paid,0
1,13,216,1050,35,4889,122,9155,4789.14990234375,Paid,0
1,13,216,1050,35,4889,123,9155,12232.8701171875,Paid,0
1,13,216,1050,36,2918,1,1001,5852.580078125,Paid,0
1,13,216,1050,36,2918,110,3299,19820,Paid,0
1,13,216,1050,36,2918,127,3299,39450,Paid,0
1,13,216,1050,36,3953,3,14732,553526,Paid,0
1,13,216,1050,36,3953,5,14732,1109300,Paid,0
1,13,216,1050,36,3953,9,3298,9933.33984375,Paid,0
1,13,216,1050,36,3953,9,14732,893310,Paid,0
1,13,216,1050,36,3953,10,3298,4966.669921875,Paid,0
1,13,216,1050,36,3953,12,14732,478650,Paid,0
1,13,216,1050,36,3953,13,14732,478650,Paid,0
1,13,216,1050,36,3953,15,14732,19222.349609375,Paid,0
1,13,216,1050,36,3953,21,14732,1931940,Paid,0
1,13,216,1050,36,3953,49,14731,25142,Paid,0
1,13,216,1050,36,3953,114,14731,4964,Paid,0
1,13,216,1050,36,3953,119,3297,44545.900390625,Paid,0
1,13,216,1050,36,3953,126,14731,32667,Paid,0
1,13,216,1050,36,3953,133,11544,101887,Paid,0
1,13,216,1050,36,4352,67,11544,43449,Paid,0
1,13,216,1050,36,4521,9,2267,367704,Paid,0
1,13,216,1050,36,4522,4,2267,85668,Paid,0
1,13,216,1050,36,4889,113,16171,45960,Paid,0
1,13,216,1050,36,4960,46,4699,3827.5,Paid,0
1,13,216,1050,36,4960,52,4699,2947.5,Paid,0
1,13,216,1050,52,3956,73,9376,4969.66015625,Paid,0
1,13,216,1050,80,2646,108,15550,700,Paid,0
1,13,575,1050,10,2618,44,14398,4980.94995117188,Paid,0
1,13,575,1050,10,2618,45,14398,1137,Paid,0
1,13,575,1050,35,4889,29,9153,10525,Paid,0
1,14,158,113,6,1471,4,11966,314.440002441406,Paid,0
1,14,158,113,6,1471,5,11966,920.160003662109,Paid,0
1,14,158,113,6,1471,14,11966,628.880004882813,Paid,0
1,14,158,113,6,1471,15,11966,319.040008544922,Paid,0
1,14,158,113,6,3709,17,11966,271.600006103516,Paid,0
1,14,158,113,6,3709,20,11966,271.600006103516,Paid,0
1,14,158,113,6,3709,24,11966,271.600006103516,Paid,0
1,14,158,113,6,3709,35,11967,271.600006103516,Paid,0
1,14,158,113,6,3709,39,11967,271.600006103516,Paid,0
